{
	"class_name" : "PinholeCameraParameters",
	"extrinsic" : 
	[
		-0.016950668996269628,
		-0.5304774379449958,
		0.8475295644706986,
		0.0,
		-0.99978042047442284,
		-0.00145212046583219,
		-0.020904597153233468,
		0.0,
		0.012320132165085287,
		-0.84769781123786425,
		-0.53033634154748344,
		0.0,
		-0.30590585027166384,
		360.40483096035814,
		4200.0045511903108,
		1.0
	],
	"intrinsic" : 
	{
		"height" : 571,
		"intrinsic_matrix" : 
		[
			494.50050556091452,
			0.0,
			0.0,
			0.0,
			494.50050556091452,
			0.0,
			959.5,
			285.0,
			1.0
		],
		"width" : 1920
	},
	"version_major" : 1,
	"version_minor" : 0
}